[{"smk_sidebar_2t84":["dt_post_slider_widget-3","dt_posts_widget-3","text-4","widget_sp_image-2"],"smk_sidebar_3a5u":["widget_sp_image-3","dt_posts_widget-4","dt_facebook_widget-3","categories-4","tag_cloud-3"],"smk_sidebar_4yaf":["dt_facebook_widget-4","text-5","dt_post_slider_widget-4","dt_posts_widget-6"],"main-sidebar":["dt_posts_widget-2","dt_post_slider_widget-2","categories-3","tag_cloud-2","text-3","widget_sp_image-4"],"footer-sidebar-1":["dt_aboutus_widget-3","dt_tweets-2"],"footer-sidebar-2":["dt_posts_widget-5"],"footer-sidebar-3":["dawnthemes_instagram_widget-2","text-2"]},{"dt_post_slider_widget":{"3":{"title":"","orderby":"rand","posts_per_page":"5"},"4":{"title":"Latest Posts","orderby":"date","posts_per_page":"5"},"2":{"title":"","orderby":"rand","posts_per_page":"5"},"_multiwidget":1},"dt_posts_widget":{"3":{"title":"Recent Posts","orderby":"date","show_date":0},"4":{"title":"Popular Posts","orderby":"rand","show_date":0,"number":"4"},"6":{"title":"Popular Posts","orderby":"rand","show_date":0},"2":{"title":"Recent Posts","orderby":"date","show_date":0},"5":{"title":"More news","orderby":"date","show_date":0,"number":"3"},"_multiwidget":1},"text":{"4":{"title":"Newsletter","text":"[contact-form-7 id=\"232\" title=\"Newsletter\"]","filter":false},"5":{"title":"Newsletter","text":"[contact-form-7 id=\"232\" title=\"Newsletter\"]","filter":false},"3":{"title":"Newsletter","text":"[contact-form-7 id=\"232\" title=\"Newsletter\"]","filter":false},"2":{"title":"Contact","text":"<div class=\"block-contact-widget\">\r\n<p><i class=\"fa fa-map-marker\"><\/i>2859 Liberty Steet, Acoupt Sorak King 88-68st Australia<\/p>\r\n<p><i class=\"fa fa-phone\"><\/i>+90 572 359 4698<\/p>\r\n<p><i class=\"fa fa-envelope\"><\/i><a href=\"mailto:info@wozine.com\">info@wozine.com<\/a><\/p>\r\n<\/div>","filter":false},"_multiwidget":1},"widget_sp_image":{"2":{"title":"","description":"","link":"#","linkid":"ad-300x600","linktarget":"_self","width":300,"height":600,"size":"full","align":"none","alt":"","rel":"","imageurl":"http:\/\/dawnthemes.com\/wozine\/wp-content\/uploads\/2016\/07\/ad-300x600.jpg","aspect_ratio":0.5,"attachment_id":233},"3":{"title":"","description":"","link":"#","linkid":"ad-300x250","linktarget":"_self","width":300,"height":250,"size":"full","align":"none","alt":"","rel":"","imageurl":"http:\/\/dawnthemes.com\/wozine\/wp-content\/uploads\/2016\/07\/ad-300x250.jpg","aspect_ratio":1.2,"attachment_id":250},"4":{"title":"","description":"","link":"#","linkid":"ad3","linktarget":"_self","width":300,"height":600,"size":"full","align":"none","alt":"","rel":"","imageurl":"http:\/\/dawnthemes.com\/wozine\/wp-content\/uploads\/2016\/07\/ad-300x600.jpg","aspect_ratio":0.5,"attachment_id":233},"_multiwidget":1},"dt_facebook_widget":{"3":{"title":"Facebook Fanpage","fanpage":"Envato","width":"370"},"4":{"title":"Facebook Fanpage","fanpage":"Envato","width":"370"},"_multiwidget":1},"categories":{"4":{"title":"Categories","count":0,"hierarchical":0,"dropdown":0},"3":{"title":"","count":0,"hierarchical":0,"dropdown":0},"_multiwidget":1},"tag_cloud":{"3":{"title":"Tags","taxonomy":"post_tag"},"2":{"title":"Tags","taxonomy":"post_tag"},"_multiwidget":1},"dt_aboutus_widget":{"3":{"title":"About us","content":"Claritas est etiam processus dynamicus, sequitur mutation consuetudi lectorum, mirum enotare quam littera gothica quam nunc putamus parum claram. Anteposuerit litterarum formas humanitatis per seacula quarta decima et quinta decima eodem modo typi, nobis videntur parum clari fiant sollemnes in futurum.","social":"facebook,twitter,google-plus,pinterest,instagram"},"_multiwidget":1},"dt_tweets":{"2":{"title":"Twitter","consumerkey":"TGcxXPYxlZJ8qvRMIugyc9lUu","consumersecret":"quoIzDw26dVqX662bZMd2MXWktkRSk2IpEfT5KqvnDOmFkwsNp","accesstoken":"714039676546326528-DBq1agnxQNoa7uFS8F4hN5kJcEp0cOd","accesstokensecret":"mruBVuLg4oLn0lmRv6vSjYUDwaoCojvl4HDcqi1HgJBdv","cachetime":"1","username":"DawnThemes","tweetstoshow":"2","excludereplies":"true"},"_multiwidget":1},"dawnthemes_instagram_widget":{"2":{"title":"Instagram","username":"DawnThemes","images_number":"8","refresh_hour":"5"},"_multiwidget":1}}]